humidity_out,statetime
17.0,"2019-10-24 04:43:09"
18.0,"2019-10-24 04:42:39"
17.0,"2019-10-24 04:42:09"
18.0,"2019-10-24 04:41:39"
17.0,"2019-10-24 04:40:09"
18.0,"2019-10-24 04:39:09"
17.0,"2019-10-24 04:38:09"
18.0,"2019-10-24 04:36:09"
17.0,"2019-10-24 04:33:39"
18.0,"2019-10-24 04:31:39"
17.0,"2019-10-24 04:31:09"
18.0,"2019-10-24 04:30:09"
17.0,"2019-10-24 04:28:39"
18.0,"2019-10-24 04:26:39"
17.0,"2019-10-24 04:25:09"
18.0,"2019-10-24 04:24:09"
17.0,"2019-10-24 03:43:39"
18.0,"2019-10-24 03:43:09"
17.0,"2019-10-24 03:42:39"
18.0,"2019-10-24 03:42:09"
17.0,"2019-10-24 03:41:39"
18.0,"2019-10-24 03:41:09"
17.0,"2019-10-24 03:39:39"
18.0,"2019-10-24 03:39:09"
17.0,"2019-10-24 03:38:39"
18.0,"2019-10-24 03:37:09"
17.0,"2019-10-24 03:36:39"
18.0,"2019-10-24 03:36:09"
17.0,"2019-10-24 03:15:09"
18.0,"2019-10-24 03:14:39"
17.0,"2019-10-24 03:12:39"
18.0,"2019-10-24 03:11:39"
17.0,"2019-10-24 03:10:39"
18.0,"2019-10-24 03:09:39"
17.0,"2019-10-24 03:08:39"
18.0,"2019-10-24 03:08:09"
17.0,"2019-10-24 03:07:39"
18.0,"2019-10-24 03:07:09"
17.0,"2019-10-24 03:06:40"
18.0,"2019-10-24 03:05:09"
17.0,"2019-10-24 03:04:39"
18.0,"2019-10-24 03:04:09"
17.0,"2019-10-24 03:03:39"
18.0,"2019-10-24 03:03:09"
17.0,"2019-10-24 03:01:09"
18.0,"2019-10-24 03:00:39"
17.0,"2019-10-24 03:00:09"
18.0,"2019-10-24 02:58:39"
17.0,"2019-10-24 02:57:09"
18.0,"2019-10-24 02:56:09"
17.0,"2019-10-24 02:55:09"
18.0,"2019-10-24 02:54:39"
17.0,"2019-10-24 02:53:39"
18.0,"2019-10-24 02:53:09"
17.0,"2019-10-24 02:50:09"
18.0,"2019-10-24 02:49:39"
17.0,"2019-10-24 02:48:09"
18.0,"2019-10-24 02:47:39"
17.0,"2019-10-24 02:46:39"
18.0,"2019-10-24 02:45:09"
17.0,"2019-10-24 01:57:39"
18.0,"2019-10-24 01:57:09"
17.0,"2019-10-24 01:32:09"
18.0,"2019-10-24 01:30:39"
17.0,"2019-10-24 01:28:39"
18.0,"2019-10-24 01:27:39"
17.0,"2019-10-24 01:26:39"
18.0,"2019-10-24 01:25:09"
17.0,"2019-10-24 01:24:39"
18.0,"2019-10-24 01:23:39"
17.0,"2019-10-24 01:23:09"
18.0,"2019-10-24 01:18:09"
17.0,"2019-10-24 01:17:39"
18.0,"2019-10-24 01:16:39"
17.0,"2019-10-24 01:16:09"
18.0,"2019-10-24 01:15:39"
17.0,"2019-10-24 01:11:09"
18.0,"2019-10-24 01:10:39"
17.0,"2019-10-24 01:07:09"
18.0,"2019-10-24 01:06:39"
17.0,"2019-10-24 00:44:39"
18.0,"2019-10-24 00:44:09"
17.0,"2019-10-24 00:43:39"
18.0,"2019-10-24 00:40:09"
17.0,"2019-10-24 00:37:39"
18.0,"2019-10-24 00:37:09"
17.0,"2019-10-24 00:12:09"
18.0,"2019-10-24 00:11:39"
17.0,"2019-10-23 18:46:39"
16.0,"2019-10-23 18:36:39"
17.0,"2019-10-23 18:20:52"
16.0,"2019-10-23 18:20:32"
17.0,"2019-10-23 18:19:52"
16.0,"2019-10-23 18:19:22"
17.0,"2019-10-23 18:19:13"
16.0,"2019-10-23 17:49:07"
17.0,"2019-10-23 17:48:00"
16.0,"2019-10-23 17:45:56"
17.0,"2019-10-23 17:45:26"
16.0,"2019-10-23 17:44:56"
17.0,"2019-10-23 17:44:26"
16.0,"2019-10-23 17:42:06"
17.0,"2019-10-23 17:41:36"
16.0,"2019-10-23 16:08:36"
15.0,"2019-10-23 16:04:06"
16.0,"2019-10-23 16:03:06"
15.0,"2019-10-23 15:40:36"
14.0,"2019-10-23 15:40:06"
15.0,"2019-10-23 15:38:06"
14.0,"2019-10-23 15:27:06"
13.0,"2019-10-23 15:18:06"
12.0,"2019-10-23 15:16:06"
11.0,"2019-10-23 15:09:36"
10.0,"2019-10-23 15:09:06"
11.0,"2019-10-23 15:08:06"
10.0,"2019-10-23 14:57:06"
9.0,"2019-10-23 14:42:06"
8.0,"2019-10-23 14:40:06"
9.0,"2019-10-23 14:39:36"
8.0,"2019-10-23 14:30:06"
9.0,"2019-10-23 14:29:36"
8.0,"2019-10-23 14:28:36"
7.0,"2019-10-23 14:28:06"
8.0,"2019-10-23 14:23:37"
7.0,"2019-10-23 14:22:06"
8.0,"2019-10-23 14:20:06"
7.0,"2019-10-23 14:19:36"
8.0,"2019-10-23 14:18:36"
7.0,"2019-10-23 14:18:06"
8.0,"2019-10-23 14:17:36"
7.0,"2019-10-23 14:14:36"
8.0,"2019-10-23 14:13:36"
7.0,"2019-10-23 14:07:06"
8.0,"2019-10-23 14:06:06"
7.0,"2019-10-23 14:03:37"
8.0,"2019-10-23 14:01:06"
7.0,"2019-10-23 14:00:36"
8.0,"2019-10-23 13:57:36"
7.0,"2019-10-23 13:57:06"
8.0,"2019-10-23 13:56:36"
9.0,"2019-10-23 13:55:06"
8.0,"2019-10-23 13:49:36"
7.0,"2019-10-23 13:49:06"
8.0,"2019-10-23 13:46:36"
7.0,"2019-10-23 13:42:06"
8.0,"2019-10-23 13:40:36"
7.0,"2019-10-23 13:32:36"
6.0,"2019-10-23 13:31:36"
7.0,"2019-10-23 13:31:06"
6.0,"2019-10-23 13:30:36"
7.0,"2019-10-23 13:26:06"
6.0,"2019-10-23 13:23:06"
7.0,"2019-10-23 13:21:06"
6.0,"2019-10-23 13:19:36"
7.0,"2019-10-23 13:16:36"
6.0,"2019-10-23 13:15:36"
7.0,"2019-10-23 13:10:06"
8.0,"2019-10-23 13:08:06"
9.0,"2019-10-23 13:06:36"
10.0,"2019-10-23 13:05:36"
11.0,"2019-10-23 13:02:36"
12.0,"2019-10-23 12:56:06"
11.0,"2019-10-23 12:54:36"
12.0,"2019-10-23 12:34:36"
13.0,"2019-10-23 12:32:06"
12.0,"2019-10-23 12:30:06"
13.0,"2019-10-23 12:28:06"
12.0,"2019-10-23 12:27:36"
13.0,"2019-10-23 12:25:36"
12.0,"2019-10-23 12:24:06"
13.0,"2019-10-23 12:21:06"
12.0,"2019-10-23 11:45:06"
13.0,"2019-10-23 11:43:36"
12.0,"2019-10-23 11:43:06"
13.0,"2019-10-23 10:58:35"
14.0,"2019-10-23 10:12:36"
15.0,"2019-10-23 10:12:05"
14.0,"2019-10-23 10:11:05"
15.0,"2019-10-23 10:10:35"
14.0,"2019-10-23 10:10:05"
15.0,"2019-10-23 10:09:05"
14.0,"2019-10-23 10:08:05"
15.0,"2019-10-23 09:17:05"
16.0,"2019-10-23 09:09:35"
15.0,"2019-10-23 09:08:05"
16.0,"2019-10-23 09:06:05"
15.0,"2019-10-23 09:05:35"
16.0,"2019-10-23 09:05:05"
15.0,"2019-10-23 09:04:35"
16.0,"2019-10-23 09:04:05"
15.0,"2019-10-23 08:58:35"
16.0,"2019-10-23 08:49:35"
15.0,"2019-10-23 08:49:05"
16.0,"2019-10-23 08:41:35"
15.0,"2019-10-23 08:40:05"
16.0,"2019-10-23 08:39:35"
15.0,"2019-10-23 08:38:05"
16.0,"2019-10-23 08:37:05"
15.0,"2019-10-23 08:36:35"
16.0,"2019-10-23 07:03:35"
17.0,"2019-10-23 07:02:35"
16.0,"2019-10-23 06:58:35"
17.0,"2019-10-23 06:38:35"
16.0,"2019-10-23 06:38:05"
17.0,"2019-10-23 04:45:35"
18.0,"2019-10-23 04:45:05"
17.0,"2019-10-23 04:44:35"
18.0,"2019-10-23 04:43:35"
17.0,"2019-10-23 04:42:35"
18.0,"2019-10-23 04:42:05"
17.0,"2019-10-23 04:41:05"
18.0,"2019-10-23 04:40:35"
17.0,"2019-10-23 04:39:35"
18.0,"2019-10-23 04:39:05"
17.0,"2019-10-23 04:38:05"
18.0,"2019-10-23 04:37:35"
17.0,"2019-10-23 04:36:05"
18.0,"2019-10-23 04:29:35"
17.0,"2019-10-23 04:27:35"
18.0,"2019-10-23 04:25:35"
17.0,"2019-10-23 04:25:05"
18.0,"2019-10-23 04:20:35"
17.0,"2019-10-23 04:20:05"
18.0,"2019-10-23 04:19:05"
17.0,"2019-10-23 04:17:35"
18.0,"2019-10-23 04:16:35"
17.0,"2019-10-23 04:10:35"
18.0,"2019-10-23 04:06:35"
17.0,"2019-10-23 04:05:05"
18.0,"2019-10-23 04:04:05"
17.0,"2019-10-23 04:03:35"
18.0,"2019-10-23 03:22:35"
19.0,"2019-10-23 03:22:05"
18.0,"2019-10-23 03:19:05"
17.0,"2019-10-23 03:18:35"
18.0,"2019-10-23 03:17:05"
17.0,"2019-10-23 03:16:35"
18.0,"2019-10-23 03:16:05"
17.0,"2019-10-23 03:15:05"
18.0,"2019-10-23 03:14:35"
17.0,"2019-10-23 03:13:35"
18.0,"2019-10-23 03:13:05"
17.0,"2019-10-23 03:12:35"
18.0,"2019-10-23 03:11:38"
17.0,"2019-10-23 03:11:05"
18.0,"2019-10-23 03:10:35"
17.0,"2019-10-23 03:10:05"
18.0,"2019-10-23 03:09:35"
17.0,"2019-10-23 03:06:05"
18.0,"2019-10-23 03:05:05"
17.0,"2019-10-23 03:04:35"
18.0,"2019-10-23 03:04:06"
17.0,"2019-10-23 03:02:05"
18.0,"2019-10-23 03:01:35"
17.0,"2019-10-23 03:01:05"
18.0,"2019-10-23 03:00:35"
17.0,"2019-10-23 02:59:35"
18.0,"2019-10-23 02:56:35"
17.0,"2019-10-23 02:55:35"
18.0,"2019-10-23 02:54:05"
17.0,"2019-10-23 02:50:05"
18.0,"2019-10-23 02:48:35"
17.0,"2019-10-23 02:33:05"
18.0,"2019-10-23 02:32:05"
17.0,"2019-10-23 02:31:05"
18.0,"2019-10-23 02:30:35"
17.0,"2019-10-23 02:29:05"
18.0,"2019-10-23 02:28:35"
17.0,"2019-10-23 02:27:35"
18.0,"2019-10-23 02:27:05"
17.0,"2019-10-23 02:26:35"
18.0,"2019-10-23 02:26:05"
17.0,"2019-10-23 02:24:35"
18.0,"2019-10-23 02:23:35"
17.0,"2019-10-23 02:19:35"
18.0,"2019-10-23 02:19:05"
17.0,"2019-10-23 01:51:05"
18.0,"2019-10-23 01:50:35"
17.0,"2019-10-22 23:59:05"
18.0,"2019-10-22 23:58:35"
17.0,"2019-10-22 19:55:05"
16.0,"2019-10-22 17:09:35"
15.0,"2019-10-22 17:08:35"
16.0,"2019-10-22 17:08:05"
15.0,"2019-10-22 15:48:04"
14.0,"2019-10-22 15:28:04"
13.0,"2019-10-22 15:19:04"
12.0,"2019-10-22 15:09:04"
11.0,"2019-10-22 15:06:04"
12.0,"2019-10-22 15:04:04"
11.0,"2019-10-22 14:58:04"
10.0,"2019-10-22 14:52:04"
9.0,"2019-10-22 14:41:34"
8.0,"2019-10-22 14:26:34"
7.0,"2019-10-22 14:26:04"
8.0,"2019-10-22 14:25:04"
7.0,"2019-10-22 14:24:34"
8.0,"2019-10-22 14:24:04"
7.0,"2019-10-22 13:59:34"
6.0,"2019-10-22 13:55:34"
7.0,"2019-10-22 13:54:04"
6.0,"2019-10-22 13:52:34"
7.0,"2019-10-22 13:50:34"
6.0,"2019-10-22 13:49:04"
7.0,"2019-10-22 13:47:34"
6.0,"2019-10-22 13:45:04"
7.0,"2019-10-22 13:41:04"
6.0,"2019-10-22 13:40:04"
7.0,"2019-10-22 13:37:34"
6.0,"2019-10-22 13:35:34"
7.0,"2019-10-22 13:35:04"
6.0,"2019-10-22 13:34:04"
5.0,"2019-10-22 13:33:34"
6.0,"2019-10-22 13:32:34"
5.0,"2019-10-22 13:25:04"
6.0,"2019-10-22 13:24:34"
5.0,"2019-10-22 13:24:04"
6.0,"2019-10-22 13:23:34"
5.0,"2019-10-22 13:21:34"
6.0,"2019-10-22 13:19:34"
7.0,"2019-10-22 13:11:34"
8.0,"2019-10-22 13:10:34"
9.0,"2019-10-22 13:08:34"
10.0,"2019-10-22 13:07:04"
11.0,"2019-10-22 12:51:34"
12.0,"2019-10-22 12:51:04"
11.0,"2019-10-22 12:49:34"
12.0,"2019-10-22 12:47:34"
11.0,"2019-10-22 12:21:04"
12.0,"2019-10-22 12:20:34"
11.0,"2019-10-22 12:19:34"
12.0,"2019-10-22 12:18:34"
11.0,"2019-10-22 12:08:34"
12.0,"2019-10-22 11:44:34"
13.0,"2019-10-22 11:22:04"
12.0,"2019-10-22 11:21:34"
13.0,"2019-10-22 10:55:04"
14.0,"2019-10-22 10:09:34"
15.0,"2019-10-22 09:56:33"
14.0,"2019-10-22 09:55:33"
15.0,"2019-10-22 09:45:03"
14.0,"2019-10-22 09:44:33"
15.0,"2019-10-22 09:36:03"
14.0,"2019-10-22 09:33:33"
15.0,"2019-10-22 09:33:03"
14.0,"2019-10-22 09:29:33"
15.0,"2019-10-22 09:28:03"
14.0,"2019-10-22 09:25:33"
15.0,"2019-10-22 09:25:03"
14.0,"2019-10-22 09:24:33"
15.0,"2019-10-22 09:21:33"
14.0,"2019-10-22 09:20:03"
15.0,"2019-10-22 09:19:33"
14.0,"2019-10-22 09:15:33"
15.0,"2019-10-22 09:15:04"
14.0,"2019-10-22 09:14:33"
15.0,"2019-10-22 09:14:03"
14.0,"2019-10-22 09:13:33"
15.0,"2019-10-22 09:11:33"
14.0,"2019-10-22 09:11:03"
15.0,"2019-10-22 09:10:03"
14.0,"2019-10-22 09:09:03"
15.0,"2019-10-22 09:08:33"
14.0,"2019-10-22 09:07:33"
15.0,"2019-10-22 09:07:03"
14.0,"2019-10-22 09:02:33"
15.0,"2019-10-22 07:32:03"
16.0,"2019-10-22 07:30:34"
15.0,"2019-10-22 07:24:03"
16.0,"2019-10-22 07:15:33"
15.0,"2019-10-22 07:14:03"
16.0,"2019-10-22 07:12:33"
15.0,"2019-10-22 07:11:04"
16.0,"2019-10-22 07:09:33"
15.0,"2019-10-22 07:09:03"
16.0,"2019-10-22 06:46:33"
15.0,"2019-10-22 06:46:03"
16.0,"2019-10-22 05:10:03"
17.0,"2019-10-22 05:09:33"
16.0,"2019-10-22 05:09:03"
17.0,"2019-10-22 05:05:03"
16.0,"2019-10-22 05:00:03"
17.0,"2019-10-22 04:34:33"
16.0,"2019-10-22 04:34:03"
17.0,"2019-10-22 04:13:33"
16.0,"2019-10-22 04:13:03"
17.0,"2019-10-22 04:09:33"
16.0,"2019-10-22 04:07:33"
17.0,"2019-10-22 04:06:33"
16.0,"2019-10-22 03:54:33"
17.0,"2019-10-22 03:35:03"
16.0,"2019-10-22 03:33:33"
17.0,"2019-10-22 03:33:03"
16.0,"2019-10-22 03:29:33"
17.0,"2019-10-22 03:26:03"
16.0,"2019-10-22 03:25:33"
17.0,"2019-10-22 03:25:03"
16.0,"2019-10-22 03:24:03"
17.0,"2019-10-22 03:23:03"
16.0,"2019-10-22 03:22:33"
17.0,"2019-10-22 03:22:03"
16.0,"2019-10-22 03:16:03"
17.0,"2019-10-22 03:15:33"
16.0,"2019-10-22 03:15:03"
17.0,"2019-10-22 03:14:33"
16.0,"2019-10-22 03:11:33"
17.0,"2019-10-22 03:11:03"
16.0,"2019-10-22 03:09:33"
17.0,"2019-10-22 03:09:03"
16.0,"2019-10-22 03:07:33"
17.0,"2019-10-22 02:59:03"
16.0,"2019-10-22 02:58:33"
17.0,"2019-10-22 02:54:33"
16.0,"2019-10-22 02:31:33"
17.0,"2019-10-22 02:31:03"
16.0,"2019-10-22 02:29:33"
17.0,"2019-10-22 02:27:33"
16.0,"2019-10-22 02:27:03"
17.0,"2019-10-22 02:23:03"
16.0,"2019-10-22 02:21:03"
17.0,"2019-10-22 02:20:03"
16.0,"2019-10-22 02:19:03"
17.0,"2019-10-22 02:18:03"
16.0,"2019-10-21 21:22:03"
15.0,"2019-10-21 21:21:33"
16.0,"2019-10-21 21:19:03"
15.0,"2019-10-21 21:18:33"
16.0,"2019-10-21 21:09:03"
15.0,"2019-10-21 21:08:03"
16.0,"2019-10-21 21:04:33"
15.0,"2019-10-21 21:04:03"
16.0,"2019-10-21 21:03:33"
15.0,"2019-10-21 20:59:33"
16.0,"2019-10-21 20:52:03"
15.0,"2019-10-21 20:51:33"
16.0,"2019-10-21 20:46:03"
15.0,"2019-10-21 20:45:33"
16.0,"2019-10-21 20:43:03"
15.0,"2019-10-21 18:25:03"
14.0,"2019-10-21 18:24:03"
15.0,"2019-10-21 18:23:03"
14.0,"2019-10-21 16:16:33"
13.0,"2019-10-21 16:16:03"
14.0,"2019-10-21 16:15:33"
13.0,"2019-10-21 16:06:03"
14.0,"2019-10-21 16:05:33"
13.0,"2019-10-21 15:34:03"
12.0,"2019-10-21 15:24:33"
11.0,"2019-10-21 15:23:03"
12.0,"2019-10-21 15:22:33"
11.0,"2019-10-21 15:17:03"
10.0,"2019-10-21 15:07:03"
9.0,"2019-10-21 14:56:03"
8.0,"2019-10-21 14:51:33"
7.0,"2019-10-21 14:30:03"
6.0,"2019-10-21 14:20:33"
5.0,"2019-10-21 13:13:32"
6.0,"2019-10-21 13:12:02"
7.0,"2019-10-21 13:10:02"
8.0,"2019-10-21 13:09:32"
9.0,"2019-10-21 13:08:32"
10.0,"2019-10-21 12:16:02"
11.0,"2019-10-21 12:15:32"
10.0,"2019-10-21 12:12:02"
11.0,"2019-10-21 12:11:32"
10.0,"2019-10-21 12:10:02"
11.0,"2019-10-21 12:08:32"
10.0,"2019-10-21 12:05:05"
11.0,"2019-10-21 11:59:32"
10.0,"2019-10-21 11:59:02"
11.0,"2019-10-21 11:26:02"
12.0,"2019-10-21 11:00:32"
13.0,"2019-10-21 10:59:32"
12.0,"2019-10-21 10:56:32"
13.0,"2019-10-21 10:52:02"
12.0,"2019-10-21 10:51:02"
13.0,"2019-10-21 10:00:32"
14.0,"2019-10-21 09:57:02"
13.0,"2019-10-21 09:56:32"
14.0,"2019-10-21 08:45:32"
15.0,"2019-10-21 07:28:02"
16.0,"2019-10-21 06:57:02"
15.0,"2019-10-21 06:56:32"
16.0,"2019-10-21 05:53:32"
17.0,"2019-10-21 05:53:02"
16.0,"2019-10-21 05:52:32"
17.0,"2019-10-21 05:36:02"
18.0,"2019-10-21 05:35:32"
17.0,"2019-10-21 05:28:32"
18.0,"2019-10-21 05:28:02"
17.0,"2019-10-21 05:13:02"
18.0,"2019-10-21 05:12:32"
17.0,"2019-10-21 05:12:02"
18.0,"2019-10-21 05:11:32"
17.0,"2019-10-21 05:09:02"
18.0,"2019-10-21 05:08:32"
17.0,"2019-10-21 05:07:02"
18.0,"2019-10-21 05:06:32"
17.0,"2019-10-21 04:51:32"
18.0,"2019-10-21 04:51:02"
17.0,"2019-10-21 04:50:32"
18.0,"2019-10-21 04:30:32"
17.0,"2019-10-21 04:30:02"
18.0,"2019-10-21 03:21:32"
17.0,"2019-10-21 03:21:02"
18.0,"2019-10-21 03:20:02"
17.0,"2019-10-21 03:19:32"
18.0,"2019-10-21 03:17:02"
17.0,"2019-10-21 03:16:32"
18.0,"2019-10-21 01:24:32"
17.0,"2019-10-21 01:23:32"
18.0,"2019-10-21 01:23:02"
17.0,"2019-10-21 01:22:02"
18.0,"2019-10-21 01:19:32"
17.0,"2019-10-21 01:19:02"
18.0,"2019-10-21 01:18:02"
17.0,"2019-10-21 01:17:32"
18.0,"2019-10-21 01:16:02"
17.0,"2019-10-21 01:11:02"
18.0,"2019-10-21 01:10:02"
17.0,"2019-10-21 01:05:32"
18.0,"2019-10-21 01:05:02"
17.0,"2019-10-21 00:47:32"
18.0,"2019-10-21 00:47:02"
17.0,"2019-10-21 00:19:02"
18.0,"2019-10-21 00:18:32"
17.0,"2019-10-20 21:43:02"
16.0,"2019-10-20 21:42:32"
17.0,"2019-10-20 20:39:02"
18.0,"2019-10-20 20:38:32"
17.0,"2019-10-20 20:38:02"
16.0,"2019-10-20 20:32:32"
17.0,"2019-10-20 20:30:02"
16.0,"2019-10-20 20:28:02"
17.0,"2019-10-20 20:27:02"
16.0,"2019-10-20 20:26:02"
17.0,"2019-10-20 20:25:32"
16.0,"2019-10-20 20:25:02"
17.0,"2019-10-20 20:23:02"
16.0,"2019-10-20 20:21:02"
17.0,"2019-10-20 20:20:32"
16.0,"2019-10-20 18:45:32"
15.0,"2019-10-20 18:42:32"
16.0,"2019-10-20 18:41:02"
15.0,"2019-10-20 18:40:32"
16.0,"2019-10-20 18:30:02"
15.0,"2019-10-20 18:29:02"
16.0,"2019-10-20 18:28:32"
15.0,"2019-10-20 18:27:32"
16.0,"2019-10-20 18:26:32"
15.0,"2019-10-20 18:26:02"
16.0,"2019-10-20 17:19:01"
15.0,"2019-10-20 17:18:01"
16.0,"2019-10-20 17:17:01"
15.0,"2019-10-20 17:15:01"
16.0,"2019-10-20 17:14:32"
15.0,"2019-10-20 17:12:01"
16.0,"2019-10-20 17:11:31"
15.0,"2019-10-20 17:11:01"
16.0,"2019-10-20 17:10:31"
15.0,"2019-10-20 17:10:01"
14.0,"2019-10-20 17:07:01"
15.0,"2019-10-20 17:06:31"
14.0,"2019-10-20 17:05:31"
15.0,"2019-10-20 17:05:01"
14.0,"2019-10-20 17:04:31"
15.0,"2019-10-20 16:44:01"
14.0,"2019-10-20 16:42:01"
15.0,"2019-10-20 16:22:01"
14.0,"2019-10-20 16:20:31"
15.0,"2019-10-20 16:18:31"
14.0,"2019-10-20 16:16:31"
15.0,"2019-10-20 16:08:01"
14.0,"2019-10-20 16:04:01"
15.0,"2019-10-20 16:03:31"
14.0,"2019-10-20 15:59:01"
15.0,"2019-10-20 15:53:31"
14.0,"2019-10-20 15:52:03"
15.0,"2019-10-20 15:51:31"
14.0,"2019-10-20 15:45:01"
15.0,"2019-10-20 15:44:31"
14.0,"2019-10-20 15:40:31"
15.0,"2019-10-20 15:39:01"
14.0,"2019-10-20 15:26:31"
15.0,"2019-10-20 15:26:01"
14.0,"2019-10-20 15:25:31"
15.0,"2019-10-20 15:25:01"
14.0,"2019-10-20 15:21:01"
13.0,"2019-10-20 15:08:01"
12.0,"2019-10-20 14:52:31"
11.0,"2019-10-20 14:51:01"
12.0,"2019-10-20 14:50:31"
11.0,"2019-10-20 14:35:31"
10.0,"2019-10-20 14:20:31"
9.0,"2019-10-20 14:19:31"
10.0,"2019-10-20 14:16:31"
9.0,"2019-10-20 14:16:01"
10.0,"2019-10-20 14:14:31"
9.0,"2019-10-20 14:14:01"
10.0,"2019-10-20 14:12:31"
9.0,"2019-10-20 14:12:01"
10.0,"2019-10-20 14:05:31"
9.0,"2019-10-20 14:04:01"
10.0,"2019-10-20 14:02:01"
9.0,"2019-10-20 14:01:01"
10.0,"2019-10-20 13:55:01"
9.0,"2019-10-20 13:52:01"
10.0,"2019-10-20 13:51:31"
9.0,"2019-10-20 13:51:01"
10.0,"2019-10-20 13:49:31"
9.0,"2019-10-20 13:49:01"
10.0,"2019-10-20 13:48:01"
9.0,"2019-10-20 13:47:01"
10.0,"2019-10-20 13:46:31"
9.0,"2019-10-20 13:36:31"
10.0,"2019-10-20 13:35:01"
9.0,"2019-10-20 13:31:01"
10.0,"2019-10-20 13:30:31"
9.0,"2019-10-20 13:22:01"
10.0,"2019-10-20 13:21:31"
9.0,"2019-10-20 13:19:01"
10.0,"2019-10-20 13:14:02"
11.0,"2019-10-20 13:13:01"
10.0,"2019-10-20 13:12:31"
11.0,"2019-10-20 13:11:01"
12.0,"2019-10-20 13:09:01"
13.0,"2019-10-20 13:07:01"
12.0,"2019-10-20 13:04:31"
13.0,"2019-10-20 13:03:01"
12.0,"2019-10-20 12:59:31"
13.0,"2019-10-20 11:50:31"
14.0,"2019-10-20 11:46:01"
13.0,"2019-10-20 11:44:31"
14.0,"2019-10-20 11:33:01"
13.0,"2019-10-20 11:32:31"
14.0,"2019-10-20 09:49:01"
15.0,"2019-10-20 09:48:31"
14.0,"2019-10-20 09:47:01"
15.0,"2019-10-20 09:33:31"
16.0,"2019-10-20 09:33:01"
15.0,"2019-10-20 09:27:31"
16.0,"2019-10-20 09:27:01"
15.0,"2019-10-20 09:19:31"
16.0,"2019-10-20 09:19:01"
15.0,"2019-10-20 09:17:31"
16.0,"2019-10-20 09:17:01"
15.0,"2019-10-20 09:05:01"
16.0,"2019-10-20 09:04:31"
15.0,"2019-10-20 09:04:01"
16.0,"2019-10-20 09:02:31"
15.0,"2019-10-20 09:02:01"
16.0,"2019-10-20 09:01:31"
15.0,"2019-10-20 09:01:01"
16.0,"2019-10-20 08:11:31"
17.0,"2019-10-20 08:11:01"
16.0,"2019-10-20 08:03:31"
17.0,"2019-10-20 08:02:31"
16.0,"2019-10-20 07:59:31"
17.0,"2019-10-20 07:58:01"
18.0,"2019-10-20 07:57:31"
16.0,"2019-10-20 07:57:01"
18.0,"2019-10-20 07:56:31"
17.0,"2019-10-20 07:52:01"
18.0,"2019-10-20 07:50:01"
17.0,"2019-10-20 07:48:31"
18.0,"2019-10-20 07:48:01"
17.0,"2019-10-20 07:46:31"
18.0,"2019-10-20 07:46:01"
17.0,"2019-10-20 07:36:31"
18.0,"2019-10-20 07:36:01"
17.0,"2019-10-20 07:34:31"
19.0,"2019-10-20 07:34:01"
17.0,"2019-10-20 07:33:31"
19.0,"2019-10-20 07:33:01"
18.0,"2019-10-20 07:30:31"
19.0,"2019-10-20 07:30:01"
18.0,"2019-10-20 07:28:01"
19.0,"2019-10-20 07:27:31"
18.0,"2019-10-20 07:25:31"
19.0,"2019-10-20 07:25:01"
18.0,"2019-10-20 07:15:31"
19.0,"2019-10-20 07:15:02"
18.0,"2019-10-20 07:13:01"
19.0,"2019-10-20 07:12:31"
18.0,"2019-10-20 07:11:31"
17.0,"2019-10-20 07:10:31"
18.0,"2019-10-20 07:10:01"
17.0,"2019-10-20 07:09:01"
18.0,"2019-10-20 07:08:31"
17.0,"2019-10-20 07:05:01"
18.0,"2019-10-20 07:04:31"
17.0,"2019-10-20 07:01:01"
18.0,"2019-10-20 07:00:31"
17.0,"2019-10-20 06:54:31"
18.0,"2019-10-20 06:53:31"
17.0,"2019-10-20 06:53:01"
18.0,"2019-10-20 06:52:31"
17.0,"2019-10-20 06:47:31"
18.0,"2019-10-20 06:47:01"
17.0,"2019-10-20 06:42:01"
18.0,"2019-10-20 06:41:31"
17.0,"2019-10-20 06:37:31"
19.0,"2019-10-20 06:36:31"
17.0,"2019-10-20 06:35:31"
18.0,"2019-10-20 06:33:31"
19.0,"2019-10-20 06:33:01"
18.0,"2019-10-20 06:32:31"
19.0,"2019-10-20 06:32:01"
18.0,"2019-10-20 06:31:01"
17.0,"2019-10-20 06:30:01"
18.0,"2019-10-20 06:29:31"
17.0,"2019-10-20 06:29:01"
18.0,"2019-10-20 06:23:31"
17.0,"2019-10-20 06:16:31"
18.0,"2019-10-20 06:07:31"
17.0,"2019-10-20 06:07:01"
18.0,"2019-10-20 06:01:31"
19.0,"2019-10-20 06:01:01"
18.0,"2019-10-20 05:54:31"
19.0,"2019-10-20 05:53:31"
18.0,"2019-10-20 05:48:01"
19.0,"2019-10-20 05:47:01"
20.0,"2019-10-20 05:46:31"
19.0,"2019-10-20 05:46:01"
18.0,"2019-10-20 05:42:01"
19.0,"2019-10-20 05:37:01"
20.0,"2019-10-20 05:36:31"
19.0,"2019-10-20 05:26:31"
20.0,"2019-10-20 05:26:01"
19.0,"2019-10-20 05:23:01"
20.0,"2019-10-20 05:22:31"
19.0,"2019-10-20 05:17:31"
20.0,"2019-10-20 05:17:01"
19.0,"2019-10-20 05:16:31"
18.0,"2019-10-20 05:16:01"
19.0,"2019-10-20 05:15:01"
20.0,"2019-10-20 05:14:31"
19.0,"2019-10-20 05:06:01"
20.0,"2019-10-20 05:05:01"
19.0,"2019-10-20 04:57:01"
20.0,"2019-10-20 04:53:31"
19.0,"2019-10-20 04:52:01"
20.0,"2019-10-20 04:47:31"
19.0,"2019-10-20 04:47:01"
20.0,"2019-10-20 04:28:31"
19.0,"2019-10-20 04:28:01"
20.0,"2019-10-20 04:24:01"
19.0,"2019-10-20 04:23:02"
20.0,"2019-10-20 04:22:31"
19.0,"2019-10-20 04:18:31"
20.0,"2019-10-20 04:15:01"
19.0,"2019-10-20 04:14:31"
20.0,"2019-10-20 04:14:01"
19.0,"2019-10-20 04:13:01"
20.0,"2019-10-20 04:12:31"
19.0,"2019-10-20 04:01:31"
18.0,"2019-10-20 04:00:31"
19.0,"2019-10-20 03:25:31"
20.0,"2019-10-20 03:21:31"
19.0,"2019-10-20 03:21:01"
20.0,"2019-10-20 03:08:01"
19.0,"2019-10-20 03:05:31"
20.0,"2019-10-20 03:05:01"
19.0,"2019-10-20 02:59:01"
20.0,"2019-10-20 02:58:01"
19.0,"2019-10-20 02:56:01"
20.0,"2019-10-20 02:55:31"
19.0,"2019-10-20 02:51:31"
20.0,"2019-10-20 02:51:01"
19.0,"2019-10-20 02:46:01"
20.0,"2019-10-20 02:45:31"
19.0,"2019-10-20 02:44:01"
18.0,"2019-10-20 02:41:31"
19.0,"2019-10-20 02:41:01"
18.0,"2019-10-20 02:39:31"
19.0,"2019-10-20 02:39:01"
18.0,"2019-10-20 02:37:31"
19.0,"2019-10-20 02:37:01"
18.0,"2019-10-20 02:32:31"
19.0,"2019-10-20 02:32:01"
18.0,"2019-10-20 02:31:01"
19.0,"2019-10-20 02:30:31"
18.0,"2019-10-20 02:29:01"
19.0,"2019-10-20 02:28:31"
18.0,"2019-10-20 02:28:01"
19.0,"2019-10-20 02:18:01"
18.0,"2019-10-20 02:17:31"
19.0,"2019-10-20 02:16:31"
18.0,"2019-10-20 02:13:31"
19.0,"2019-10-20 02:13:01"
18.0,"2019-10-20 01:57:31"
19.0,"2019-10-20 01:57:01"
18.0,"2019-10-20 01:54:01"
19.0,"2019-10-20 01:53:31"
18.0,"2019-10-20 01:51:01"
19.0,"2019-10-20 01:50:31"
18.0,"2019-10-20 01:50:01"
19.0,"2019-10-20 01:49:01"
18.0,"2019-10-20 01:39:31"
19.0,"2019-10-20 01:39:01"
18.0,"2019-10-20 01:38:01"
19.0,"2019-10-20 01:37:31"
18.0,"2019-10-20 01:28:31"
19.0,"2019-10-20 01:28:01"
18.0,"2019-10-20 01:27:31"
19.0,"2019-10-20 01:27:01"
18.0,"2019-10-20 01:23:01"
19.0,"2019-10-20 01:22:31"
18.0,"2019-10-20 01:20:01"
19.0,"2019-10-20 01:19:31"
18.0,"2019-10-20 01:18:31"
19.0,"2019-10-20 01:15:01"
18.0,"2019-10-20 01:14:31"
19.0,"2019-10-20 01:13:31"
18.0,"2019-10-20 01:12:01"
19.0,"2019-10-20 01:11:31"
18.0,"2019-10-20 01:11:01"
19.0,"2019-10-20 01:10:31"
18.0,"2019-10-20 01:10:01"
19.0,"2019-10-20 00:37:31"
18.0,"2019-10-20 00:36:31"
19.0,"2019-10-20 00:36:01"
18.0,"2019-10-20 00:29:31"
19.0,"2019-10-20 00:27:31"
18.0,"2019-10-20 00:24:01"
19.0,"2019-10-20 00:23:01"
18.0,"2019-10-20 00:17:31"
19.0,"2019-10-20 00:17:01"
18.0,"2019-10-20 00:11:31"
19.0,"2019-10-20 00:10:31"
18.0,"2019-10-20 00:09:01"
19.0,"2019-10-20 00:08:31"
18.0,"2019-10-20 00:02:01"
19.0,"2019-10-20 00:01:31"
18.0,"2019-10-19 23:56:31"
19.0,"2019-10-19 23:56:01"
18.0,"2019-10-19 23:55:31"
19.0,"2019-10-19 23:55:01"
18.0,"2019-10-19 23:47:31"
19.0,"2019-10-19 23:47:01"
18.0,"2019-10-19 23:46:31"
19.0,"2019-10-19 23:46:01"
18.0,"2019-10-19 23:43:01"
19.0,"2019-10-19 23:42:31"
18.0,"2019-10-19 23:41:01"
19.0,"2019-10-19 23:40:31"
18.0,"2019-10-19 23:23:31"
19.0,"2019-10-19 23:23:01"
18.0,"2019-10-19 23:22:31"
19.0,"2019-10-19 23:22:01"
18.0,"2019-10-19 23:19:31"
19.0,"2019-10-19 23:19:01"
18.0,"2019-10-19 23:13:01"
19.0,"2019-10-19 23:12:31"
18.0,"2019-10-19 23:02:31"
19.0,"2019-10-19 23:02:01"
18.0,"2019-10-19 23:01:01"
19.0,"2019-10-19 23:00:31"
18.0,"2019-10-19 22:59:01"
19.0,"2019-10-19 22:58:31"
18.0,"2019-10-19 22:53:31"
19.0,"2019-10-19 22:53:01"
18.0,"2019-10-19 22:49:01"
19.0,"2019-10-19 22:48:31"
18.0,"2019-10-19 22:43:01"
19.0,"2019-10-19 22:41:31"
18.0,"2019-10-19 22:40:31"
17.0,"2019-10-19 22:39:31"
19.0,"2019-10-19 22:39:01"
17.0,"2019-10-19 22:30:01"
18.0,"2019-10-19 22:29:31"
17.0,"2019-10-19 22:28:31"
18.0,"2019-10-19 22:28:01"
17.0,"2019-10-19 22:25:31"
18.0,"2019-10-19 22:25:01"
17.0,"2019-10-19 22:15:01"
18.0,"2019-10-19 22:01:31"
21.0,"2019-10-19 22:01:01"
18.0,"2019-10-19 21:51:01"
19.0,"2019-10-19 21:50:31"
18.0,"2019-10-19 21:45:01"
24.0,"2019-10-19 21:44:31"
19.0,"2019-10-19 21:43:30"
18.0,"2019-10-19 21:43:01"
23.0,"2019-10-19 21:42:31"
19.0,"2019-10-19 21:40:00"
18.0,"2019-10-19 21:37:31"
19.0,"2019-10-19 21:37:01"
18.0,"2019-10-19 21:36:30"
19.0,"2019-10-19 21:36:01"
24.0,"2019-10-19 21:35:31"
19.0,"2019-10-19 21:35:00"
18.0,"2019-10-19 21:26:30"
19.0,"2019-10-19 21:24:00"
18.0,"2019-10-19 21:21:31"
24.0,"2019-10-19 21:21:00"
18.0,"2019-10-19 21:15:30"
19.0,"2019-10-19 21:14:00"
18.0,"2019-10-19 21:13:02"
19.0,"2019-10-19 21:10:30"
18.0,"2019-10-19 21:09:30"
19.0,"2019-10-19 21:08:30"
18.0,"2019-10-19 21:08:00"
19.0,"2019-10-19 21:03:00"
18.0,"2019-10-19 21:02:31"
19.0,"2019-10-19 20:57:30"
24.0,"2019-10-19 20:57:00"
19.0,"2019-10-19 20:56:30"
18.0,"2019-10-19 20:56:00"
19.0,"2019-10-19 20:55:31"
18.0,"2019-10-19 20:55:00"
19.0,"2019-10-19 20:54:00"
18.0,"2019-10-19 20:53:00"
21.0,"2019-10-19 20:52:30"
18.0,"2019-10-19 20:52:00"
19.0,"2019-10-19 20:51:00"
24.0,"2019-10-19 20:50:30"
19.0,"2019-10-19 20:50:02"
18.0,"2019-10-19 20:49:30"
19.0,"2019-10-19 20:49:00"
18.0,"2019-10-19 20:48:30"
19.0,"2019-10-19 20:46:30"
18.0,"2019-10-19 20:45:01"
24.0,"2019-10-19 20:44:30"
18.0,"2019-10-19 20:44:00"
19.0,"2019-10-19 20:36:00"
18.0,"2019-10-19 20:35:30"
19.0,"2019-10-19 20:33:00"
18.0,"2019-10-19 20:24:00"
19.0,"2019-10-19 20:23:00"
18.0,"2019-10-19 20:22:31"
19.0,"2019-10-19 20:22:00"
18.0,"2019-10-19 20:21:00"
19.0,"2019-10-19 20:02:30"
18.0,"2019-10-19 20:02:00"
19.0,"2019-10-19 19:58:30"
18.0,"2019-10-19 19:58:00"
19.0,"2019-10-19 19:57:30"
18.0,"2019-10-19 19:24:30"
19.0,"2019-10-19 19:22:30"
18.0,"2019-10-19 19:22:00"
19.0,"2019-10-19 19:20:00"
20.0,"2019-10-19 19:19:30"
19.0,"2019-10-19 19:19:00"
18.0,"2019-10-19 19:10:00"
19.0,"2019-10-19 19:07:30"
18.0,"2019-10-19 19:06:30"
19.0,"2019-10-19 19:05:30"
18.0,"2019-10-19 19:05:00"
19.0,"2019-10-19 19:02:30"
18.0,"2019-10-19 19:02:00"
19.0,"2019-10-19 18:57:30"
25.0,"2019-10-19 18:57:00"
19.0,"2019-10-19 18:56:00"
18.0,"2019-10-19 18:52:00"
19.0,"2019-10-19 18:51:30"
18.0,"2019-10-19 18:44:00"
19.0,"2019-10-19 18:37:30"
18.0,"2019-10-19 18:36:00"
19.0,"2019-10-19 18:35:30"
18.0,"2019-10-19 18:35:00"
19.0,"2019-10-19 18:33:00"
18.0,"2019-10-19 18:32:00"
19.0,"2019-10-19 18:23:30"
18.0,"2019-10-19 18:22:00"
19.0,"2019-10-19 18:21:30"
18.0,"2019-10-19 18:14:00"
19.0,"2019-10-19 18:13:30"
18.0,"2019-10-19 18:05:30"
19.0,"2019-10-19 18:04:00"
18.0,"2019-10-19 17:56:00"
17.0,"2019-10-19 17:53:30"
18.0,"2019-10-19 17:38:30"
19.0,"2019-10-19 17:35:30"
18.0,"2019-10-19 17:35:00"
19.0,"2019-10-19 17:34:00"
18.0,"2019-10-19 17:30:30"
19.0,"2019-10-19 17:29:00"
25.0,"2019-10-19 17:28:30"
19.0,"2019-10-19 17:24:00"
18.0,"2019-10-19 17:22:30"
19.0,"2019-10-19 17:14:30"
18.0,"2019-10-19 17:03:00"
29.0,"2019-10-19 17:02:30"
18.0,"2019-10-19 16:54:30"
23.0,"2019-10-19 16:54:00"
18.0,"2019-10-19 16:52:30"
29.0,"2019-10-19 16:52:00"
18.0,"2019-10-19 16:37:00"
19.0,"2019-10-19 16:36:00"
18.0,"2019-10-19 15:33:00"
17.0,"2019-10-19 15:29:00"
18.0,"2019-10-19 15:28:30"
17.0,"2019-10-19 15:28:00"
16.0,"2019-10-19 15:27:30"
15.0,"2019-10-19 15:26:00"
16.0,"2019-10-19 15:25:30"
17.0,"2019-10-19 15:25:00"
15.0,"2019-10-19 15:18:30"
14.0,"2019-10-19 15:18:00"
