temp_in,statetime
27.5,"2019-10-24 05:53:53"
27.6,"2019-10-24 05:50:43"
27.7,"2019-10-24 05:48:04"
27.9,"2019-10-24 05:47:53"
27.8,"2019-10-24 05:47:44"
27.9,"2019-10-24 05:47:23"
27.8,"2019-10-24 05:46:43"
27.9,"2019-10-24 05:45:23"
28.0,"2019-10-24 05:44:03"
28.1,"2019-10-24 05:43:03"
28.2,"2019-10-24 05:42:43"
28.3,"2019-10-24 05:42:03"
28.4,"2019-10-24 05:41:13"
28.5,"2019-10-24 05:40:53"
28.6,"2019-10-24 05:39:53"
28.7,"2019-10-24 05:39:13"
28.6,"2019-10-24 05:39:03"
28.7,"2019-10-24 05:38:53"
28.6,"2019-10-24 05:32:23"
28.5,"2019-10-24 05:32:13"
28.6,"2019-10-24 05:31:53"
28.5,"2019-10-24 05:27:53"
28.4,"2019-10-24 05:23:53"
28.3,"2019-10-23 23:22:23"
28.4,"2019-10-23 23:22:13"
28.3,"2019-10-23 23:19:23"
28.4,"2019-10-23 23:19:13"
28.3,"2019-10-23 23:19:03"
28.4,"2019-10-23 23:18:53"
28.3,"2019-10-23 23:18:33"
28.4,"2019-10-23 23:18:23"
28.3,"2019-10-23 23:18:13"
28.4,"2019-10-23 23:18:03"
28.3,"2019-10-23 23:17:43"
28.4,"2019-10-23 23:17:23"
28.3,"2019-10-23 23:17:13"
28.4,"2019-10-23 23:16:53"
28.3,"2019-10-23 22:53:13"
28.4,"2019-10-23 22:52:53"
28.3,"2019-10-23 22:48:03"
28.4,"2019-10-23 22:47:43"
28.3,"2019-10-23 22:47:03"
28.4,"2019-10-23 22:46:43"
28.3,"2019-10-23 22:46:33"
28.4,"2019-10-23 22:46:23"
28.3,"2019-10-23 22:45:53"
28.4,"2019-10-23 22:45:43"
28.3,"2019-10-23 22:45:23"
28.4,"2019-10-23 22:45:13"
28.3,"2019-10-23 22:44:33"
28.4,"2019-10-23 22:44:23"
28.3,"2019-10-23 22:44:03"
28.4,"2019-10-23 22:43:43"
28.3,"2019-10-23 22:43:23"
28.4,"2019-10-23 22:43:03"
28.3,"2019-10-23 22:42:23"
28.4,"2019-10-23 22:42:13"
28.3,"2019-10-23 22:41:53"
28.4,"2019-10-23 22:41:43"
28.3,"2019-10-23 22:41:23"
28.4,"2019-10-23 22:41:03"
28.3,"2019-10-23 22:40:23"
28.4,"2019-10-23 22:40:13"
28.3,"2019-10-23 22:33:33"
28.4,"2019-10-23 22:33:23"
28.3,"2019-10-23 22:31:23"
28.4,"2019-10-23 22:31:13"
28.3,"2019-10-23 22:31:03"
28.4,"2019-10-23 22:30:53"
28.3,"2019-10-23 22:28:43"
28.4,"2019-10-23 22:06:43"
28.5,"2019-10-23 22:03:53"
28.6,"2019-10-23 21:56:43"
28.5,"2019-10-23 21:56:13"
28.6,"2019-10-23 20:55:41"
28.5,"2019-10-23 20:54:45"
28.4,"2019-10-23 18:19:13"
28.5,"2019-10-23 18:15:32"
28.3,"2019-10-23 17:44:30"
28.2,"2019-10-23 17:43:30"
28.3,"2019-10-23 17:34:55"
28.2,"2019-10-23 17:34:45"
28.3,"2019-10-23 17:14:05"
28.2,"2019-10-23 17:13:05"
28.3,"2019-10-23 17:06:55"
28.2,"2019-10-23 17:06:45"
28.3,"2019-10-23 17:06:35"
28.2,"2019-10-23 17:06:25"
28.3,"2019-10-23 17:06:15"
28.2,"2019-10-23 17:06:05"
28.3,"2019-10-23 17:05:35"
28.2,"2019-10-23 17:05:25"
28.3,"2019-10-23 17:05:15"
28.2,"2019-10-23 17:04:35"
28.3,"2019-10-23 17:04:25"
28.2,"2019-10-23 17:02:45"
28.3,"2019-10-23 17:02:25"
28.2,"2019-10-23 17:02:15"
28.3,"2019-10-23 17:02:05"
28.2,"2019-10-23 17:01:35"
28.3,"2019-10-23 17:01:25"
28.2,"2019-10-23 17:00:15"
28.3,"2019-10-23 17:00:05"
28.2,"2019-10-23 16:59:25"
28.3,"2019-10-23 16:59:15"
28.2,"2019-10-23 16:53:55"
28.1,"2019-10-23 16:53:45"
28.2,"2019-10-23 16:49:35"
28.3,"2019-10-23 16:49:25"
28.2,"2019-10-23 16:48:35"
28.3,"2019-10-23 16:48:25"
28.2,"2019-10-23 16:47:55"
28.3,"2019-10-23 16:46:05"
28.2,"2019-10-23 16:45:55"
28.3,"2019-10-23 16:45:45"
28.2,"2019-10-23 16:44:55"
28.3,"2019-10-23 16:43:05"
28.2,"2019-10-23 16:42:55"
28.3,"2019-10-23 16:42:06"
28.2,"2019-10-23 16:41:55"
28.3,"2019-10-23 16:41:35"
28.2,"2019-10-23 16:41:15"
28.3,"2019-10-23 16:41:05"
28.2,"2019-10-23 16:40:55"
28.3,"2019-10-23 16:40:35"
28.2,"2019-10-23 16:40:25"
28.3,"2019-10-23 16:40:15"
28.2,"2019-10-23 16:40:05"
28.3,"2019-10-23 16:39:35"
28.2,"2019-10-23 16:39:15"
28.3,"2019-10-23 16:37:35"
28.2,"2019-10-23 16:37:25"
28.3,"2019-10-23 16:37:15"
28.2,"2019-10-23 16:37:05"
28.3,"2019-10-23 16:33:55"
28.2,"2019-10-23 16:33:35"
28.3,"2019-10-23 16:33:25"
28.2,"2019-10-23 16:33:15"
28.3,"2019-10-23 16:28:35"
28.2,"2019-10-23 16:28:05"
28.3,"2019-10-23 15:59:05"
28.4,"2019-10-23 15:58:45"
28.3,"2019-10-23 15:57:55"
28.4,"2019-10-23 15:35:46"
28.5,"2019-10-23 15:33:35"
28.4,"2019-10-23 15:33:25"
28.5,"2019-10-23 15:32:55"
28.4,"2019-10-23 15:32:45"
28.5,"2019-10-23 15:30:36"
28.4,"2019-10-23 15:30:25"
28.5,"2019-10-23 15:26:25"
28.4,"2019-10-23 15:12:45"
28.3,"2019-10-23 15:06:35"
28.2,"2019-10-23 15:04:25"
28.1,"2019-10-23 15:00:55"
28.0,"2019-10-23 14:57:45"
27.9,"2019-10-23 14:55:45"
27.8,"2019-10-23 14:54:45"
27.7,"2019-10-23 14:53:05"
27.6,"2019-10-23 14:52:35"
27.5,"2019-10-23 14:52:25"
27.6,"2019-10-23 14:52:15"
27.5,"2019-10-23 14:50:45"
27.4,"2019-10-23 14:49:05"
27.3,"2019-10-23 14:48:05"
27.2,"2019-10-23 14:46:15"
27.1,"2019-10-23 14:44:35"
27.0,"2019-10-23 14:42:55"
26.9,"2019-10-23 14:41:45"
26.8,"2019-10-23 14:41:15"
26.7,"2019-10-23 14:40:15"
26.6,"2019-10-23 14:39:15"
26.5,"2019-10-23 14:38:45"
26.4,"2019-10-23 14:37:55"
26.3,"2019-10-23 14:37:35"
26.2,"2019-10-23 14:37:15"
26.1,"2019-10-23 14:36:45"
26.0,"2019-10-23 14:36:05"
25.9,"2019-10-23 14:35:25"
25.8,"2019-10-23 14:35:15"
25.7,"2019-10-23 14:35:05"
25.8,"2019-10-23 14:34:56"
25.7,"2019-10-23 14:34:35"
25.6,"2019-10-23 14:33:55"
25.5,"2019-10-23 14:33:25"
25.4,"2019-10-23 14:32:55"
25.3,"2019-10-23 14:32:35"
25.2,"2019-10-23 14:31:55"
25.1,"2019-10-23 14:31:25"
25.0,"2019-10-23 14:31:05"
24.9,"2019-10-23 14:29:35"
25.0,"2019-10-23 14:29:25"
25.1,"2019-10-23 14:27:26"
25.0,"2019-10-23 14:26:55"
24.9,"2019-10-23 14:26:05"
25.0,"2019-10-23 14:25:55"
25.1,"2019-10-23 14:25:25"
25.2,"2019-10-23 14:24:45"
25.1,"2019-10-23 14:23:55"
25.0,"2019-10-23 14:23:35"
25.1,"2019-10-23 14:22:55"
25.2,"2019-10-23 14:22:05"
25.3,"2019-10-23 14:21:15"
25.2,"2019-10-23 14:20:35"
25.1,"2019-10-23 14:19:35"
25.2,"2019-10-23 14:18:55"
25.3,"2019-10-23 14:18:15"
25.2,"2019-10-23 14:17:45"
25.1,"2019-10-23 14:16:25"
25.2,"2019-10-23 14:14:35"
25.1,"2019-10-23 14:14:05"
25.0,"2019-10-23 14:13:05"
25.1,"2019-10-23 14:12:15"
25.2,"2019-10-23 14:11:05"
25.1,"2019-10-23 14:09:45"
25.2,"2019-10-23 14:09:05"
25.3,"2019-10-23 14:08:35"
25.2,"2019-10-23 14:07:45"
25.1,"2019-10-23 14:06:07"
25.2,"2019-10-23 14:05:35"
25.3,"2019-10-23 14:04:55"
25.2,"2019-10-23 14:04:15"
25.1,"2019-10-23 14:03:25"
25.2,"2019-10-23 14:02:55"
25.3,"2019-10-23 14:02:35"
25.4,"2019-10-23 14:02:15"
25.3,"2019-10-23 14:01:45"
25.2,"2019-10-23 14:00:15"
25.3,"2019-10-23 13:59:55"
25.4,"2019-10-23 13:59:35"
25.5,"2019-10-23 13:58:25"
25.4,"2019-10-23 13:57:35"
25.3,"2019-10-23 13:56:15"
25.2,"2019-10-23 13:55:05"
25.1,"2019-10-23 13:54:15"
25.0,"2019-10-23 13:53:55"
24.9,"2019-10-23 13:52:55"
25.0,"2019-10-23 13:52:45"
25.1,"2019-10-23 13:51:15"
25.0,"2019-10-23 13:51:05"
24.9,"2019-10-23 13:50:15"
24.8,"2019-10-23 13:49:45"
24.9,"2019-10-23 13:48:55"
25.0,"2019-10-23 13:47:45"
24.9,"2019-10-23 13:47:15"
24.8,"2019-10-23 13:46:35"
24.7,"2019-10-23 13:44:35"
24.8,"2019-10-23 13:42:55"
24.7,"2019-10-23 13:41:05"
24.8,"2019-10-23 13:40:05"
24.7,"2019-10-23 13:39:25"
24.6,"2019-10-23 13:38:35"
24.7,"2019-10-23 13:38:25"
24.6,"2019-10-23 13:37:15"
24.7,"2019-10-23 13:36:05"
24.8,"2019-10-23 13:35:35"
24.9,"2019-10-23 13:34:45"
24.8,"2019-10-23 13:34:25"
24.9,"2019-10-23 13:34:05"
25.0,"2019-10-23 13:33:55"
25.1,"2019-10-23 13:33:15"
25.0,"2019-10-23 13:32:55"
25.1,"2019-10-23 13:32:25"
25.2,"2019-10-23 13:30:34"
25.1,"2019-10-23 13:27:34"
25.0,"2019-10-23 13:26:54"
24.9,"2019-10-23 13:26:04"
24.8,"2019-10-23 13:25:34"
24.7,"2019-10-23 13:24:54"
24.6,"2019-10-23 13:24:24"
24.5,"2019-10-23 13:23:54"
24.4,"2019-10-23 13:23:44"
24.5,"2019-10-23 13:23:14"
24.6,"2019-10-23 13:22:24"
24.7,"2019-10-23 13:21:54"
24.8,"2019-10-23 13:21:34"
24.9,"2019-10-23 13:20:54"
25.0,"2019-10-23 13:20:44"
25.1,"2019-10-23 13:20:14"
25.0,"2019-10-23 13:19:54"
25.1,"2019-10-23 13:19:24"
25.2,"2019-10-23 13:16:44"
25.1,"2019-10-23 13:15:14"
25.0,"2019-10-23 13:14:54"
25.1,"2019-10-23 13:14:34"
25.0,"2019-10-23 13:14:04"
24.9,"2019-10-23 13:13:04"
24.8,"2019-10-23 13:12:24"
24.7,"2019-10-23 13:11:44"
24.6,"2019-10-23 13:11:14"
24.5,"2019-10-23 13:10:44"
24.4,"2019-10-23 13:10:24"
24.5,"2019-10-23 13:09:14"
24.6,"2019-10-23 13:08:24"
24.7,"2019-10-23 13:07:34"
24.8,"2019-10-23 13:06:44"
24.9,"2019-10-23 13:06:14"
25.0,"2019-10-23 13:06:04"
25.1,"2019-10-23 13:05:44"
25.2,"2019-10-23 13:05:24"
25.3,"2019-10-23 13:05:14"
25.2,"2019-10-23 13:03:04"
25.3,"2019-10-23 13:02:04"
25.2,"2019-10-23 13:01:14"
25.3,"2019-10-23 13:00:44"
25.4,"2019-10-23 13:00:34"
25.3,"2019-10-23 12:59:45"
25.4,"2019-10-23 12:59:34"
25.3,"2019-10-23 12:58:54"
25.4,"2019-10-23 12:58:34"
25.3,"2019-10-23 12:57:14"
25.2,"2019-10-23 12:57:04"
25.3,"2019-10-23 12:56:44"
25.2,"2019-10-23 12:55:44"
25.1,"2019-10-23 12:55:04"
25.0,"2019-10-23 12:54:14"
25.1,"2019-10-23 12:53:04"
25.2,"2019-10-23 12:50:54"
25.1,"2019-10-23 12:50:14"
25.0,"2019-10-23 12:50:04"
24.9,"2019-10-23 12:49:24"
25.0,"2019-10-23 12:49:04"
25.1,"2019-10-23 12:47:44"
25.0,"2019-10-23 12:47:14"
24.9,"2019-10-23 12:46:44"
24.8,"2019-10-23 12:46:34"
24.9,"2019-10-23 12:46:24"
24.8,"2019-10-23 12:46:14"
24.9,"2019-10-23 12:45:34"
25.0,"2019-10-23 12:45:14"
25.1,"2019-10-23 12:43:24"
25.0,"2019-10-23 12:43:04"
25.1,"2019-10-23 12:41:04"
25.0,"2019-10-23 12:40:54"
25.1,"2019-10-23 12:40:04"
25.0,"2019-10-23 12:39:34"
24.9,"2019-10-23 12:38:04"
24.8,"2019-10-23 12:37:24"
24.7,"2019-10-23 12:37:04"
24.8,"2019-10-23 12:36:04"
24.9,"2019-10-23 12:35:54"
24.8,"2019-10-23 12:35:44"
24.9,"2019-10-23 12:35:14"
25.0,"2019-10-23 12:34:54"
24.9,"2019-10-23 12:33:34"
24.8,"2019-10-23 12:32:54"
24.9,"2019-10-23 12:32:04"
25.0,"2019-10-23 12:31:24"
24.9,"2019-10-23 12:31:14"
25.0,"2019-10-23 12:29:24"
24.9,"2019-10-23 12:28:04"
25.0,"2019-10-23 12:27:14"
25.1,"2019-10-23 12:25:44"
25.0,"2019-10-23 12:25:14"
24.9,"2019-10-23 12:25:04"
25.0,"2019-10-23 12:24:36"
25.1,"2019-10-23 12:24:04"
25.2,"2019-10-23 12:22:54"
25.1,"2019-10-23 12:22:14"
25.0,"2019-10-23 12:21:54"
24.9,"2019-10-23 12:21:44"
25.0,"2019-10-23 12:21:34"
24.9,"2019-10-23 12:21:24"
25.0,"2019-10-23 12:20:34"
25.1,"2019-10-23 12:19:14"
25.0,"2019-10-23 12:18:54"
24.9,"2019-10-23 12:18:34"
25.0,"2019-10-23 12:18:24"
24.9,"2019-10-23 12:18:14"
25.0,"2019-10-23 12:17:54"
25.1,"2019-10-23 12:17:14"
25.2,"2019-10-23 12:16:44"
25.1,"2019-10-23 12:15:44"
25.0,"2019-10-23 12:15:04"
24.9,"2019-10-23 12:14:34"
25.0,"2019-10-23 12:14:24"
24.9,"2019-10-23 12:14:14"
25.0,"2019-10-23 12:13:54"
25.1,"2019-10-23 12:13:14"
25.2,"2019-10-23 12:11:54"
25.1,"2019-10-23 12:11:14"
25.0,"2019-10-23 12:09:54"
25.1,"2019-10-23 12:08:54"
25.2,"2019-10-23 12:08:44"
25.1,"2019-10-23 12:07:44"
25.0,"2019-10-23 12:06:34"
25.1,"2019-10-23 12:05:44"
25.2,"2019-10-23 12:03:44"
25.1,"2019-10-23 12:03:24"
25.2,"2019-10-23 12:03:14"
25.1,"2019-10-23 12:02:54"
25.2,"2019-10-23 12:00:34"
25.1,"2019-10-23 12:00:24"
25.2,"2019-10-23 11:59:54"
25.3,"2019-10-23 11:59:34"
25.2,"2019-10-23 11:59:24"
25.3,"2019-10-23 11:59:14"
25.2,"2019-10-23 11:59:04"
25.3,"2019-10-23 11:58:44"
25.4,"2019-10-23 11:58:34"
25.3,"2019-10-23 11:58:24"
25.4,"2019-10-23 11:58:14"
25.3,"2019-10-23 11:57:44"
25.2,"2019-10-23 11:56:45"
25.3,"2019-10-23 11:56:14"
25.4,"2019-10-23 11:54:24"
25.3,"2019-10-23 11:54:04"
25.4,"2019-10-23 11:53:44"
25.3,"2019-10-23 11:53:34"
25.4,"2019-10-23 11:52:24"
25.5,"2019-10-23 11:52:14"
25.4,"2019-10-23 11:51:54"
25.5,"2019-10-23 11:51:34"
25.6,"2019-10-23 11:50:44"
25.7,"2019-10-23 11:50:14"
25.8,"2019-10-23 11:49:54"
25.9,"2019-10-23 11:45:24"
26.0,"2019-10-23 11:45:04"
26.1,"2019-10-23 11:44:44"
26.2,"2019-10-23 11:44:24"
26.3,"2019-10-23 11:44:04"
26.2,"2019-10-23 11:43:24"
26.3,"2019-10-23 11:43:14"
26.2,"2019-10-23 11:41:54"
26.3,"2019-10-23 11:41:34"
26.4,"2019-10-23 11:41:14"
26.6,"2019-10-23 11:40:44"
26.7,"2019-10-23 11:40:04"
26.8,"2019-10-23 11:39:44"
26.9,"2019-10-23 11:39:24"
26.8,"2019-10-23 11:37:44"
26.9,"2019-10-23 11:36:34"
27.0,"2019-10-23 11:36:14"
27.1,"2019-10-23 11:35:14"
27.2,"2019-10-23 11:33:44"
27.3,"2019-10-23 11:33:04"
27.4,"2019-10-23 11:32:04"
27.5,"2019-10-23 11:31:34"
27.6,"2019-10-23 11:31:04"
27.7,"2019-10-23 11:30:04"
27.8,"2019-10-23 11:29:54"
27.9,"2019-10-23 11:29:34"
28.0,"2019-10-23 11:29:14"
28.1,"2019-10-23 11:28:14"
28.2,"2019-10-23 11:28:04"
28.3,"2019-10-23 11:27:54"
28.2,"2019-10-23 11:27:44"
28.3,"2019-10-23 11:27:24"
28.4,"2019-10-23 11:26:54"
28.5,"2019-10-23 11:26:14"
28.6,"2019-10-23 11:25:54"
28.5,"2019-10-23 11:25:44"
28.6,"2019-10-23 11:22:54"
28.5,"2019-10-23 11:22:14"
28.4,"2019-10-23 11:18:54"
28.3,"2019-10-23 11:15:34"
28.4,"2019-10-23 11:13:04"
28.3,"2019-10-23 11:12:34"
28.4,"2019-10-23 11:10:54"
28.3,"2019-10-23 11:10:34"
28.4,"2019-10-23 11:07:34"
28.3,"2019-10-23 11:03:04"
28.4,"2019-10-23 11:01:54"
28.5,"2019-10-23 11:00:44"
28.6,"2019-10-23 10:59:44"
28.7,"2019-10-23 10:59:24"
28.6,"2019-10-23 10:58:44"
28.7,"2019-10-23 10:57:44"
28.8,"2019-10-23 10:56:24"
28.7,"2019-10-23 10:49:04"
28.6,"2019-10-23 10:45:54"
28.5,"2019-10-23 10:44:34"
28.4,"2019-10-23 10:42:24"
28.3,"2019-10-23 10:41:14"
28.2,"2019-10-23 10:41:04"
28.3,"2019-10-23 10:40:54"
28.2,"2019-10-23 10:39:44"
28.1,"2019-10-23 10:39:04"
28.2,"2019-10-23 10:37:24"
28.3,"2019-10-23 10:37:14"
28.2,"2019-10-23 10:35:54"
28.3,"2019-10-23 10:35:44"
28.2,"2019-10-23 10:35:24"
28.3,"2019-10-23 10:35:04"
28.2,"2019-10-23 10:34:24"
28.3,"2019-10-23 10:30:24"
28.4,"2019-10-23 10:25:34"
28.5,"2019-10-23 10:25:04"
28.6,"2019-10-23 10:15:54"
28.5,"2019-10-23 10:15:34"
28.6,"2019-10-23 10:15:14"
28.5,"2019-10-23 10:15:04"
28.6,"2019-10-23 10:10:44"
28.5,"2019-10-23 10:10:24"
28.6,"2019-10-23 10:10:14"
28.5,"2019-10-23 10:03:44"
28.4,"2019-10-23 10:02:14"
28.5,"2019-10-23 10:02:04"
28.4,"2019-10-23 10:01:54"
28.5,"2019-10-23 10:00:34"
28.4,"2019-10-23 09:59:44"
28.5,"2019-10-23 09:58:44"
28.4,"2019-10-23 09:58:34"
28.5,"2019-10-23 09:57:34"
28.4,"2019-10-23 09:42:14"
28.5,"2019-10-23 09:40:54"
28.4,"2019-10-23 09:32:04"
28.3,"2019-10-23 09:26:14"
28.2,"2019-10-23 09:25:44"
28.3,"2019-10-23 09:23:25"
28.2,"2019-10-23 09:19:04"
28.1,"2019-10-23 09:15:04"
28.0,"2019-10-23 09:12:54"
27.9,"2019-10-23 09:10:44"
27.8,"2019-10-23 09:09:54"
27.7,"2019-10-23 09:09:44"
27.8,"2019-10-23 09:09:34"
27.7,"2019-10-23 09:07:44"
27.6,"2019-10-23 09:05:24"
27.7,"2019-10-23 09:03:34"
27.8,"2019-10-23 09:02:54"
27.9,"2019-10-23 09:02:44"
27.7,"2019-10-23 08:50:24"
27.9,"2019-10-23 08:50:14"
27.8,"2019-10-23 08:50:04"
27.9,"2019-10-23 08:49:54"
27.8,"2019-10-23 08:48:24"
27.9,"2019-10-23 08:48:14"
27.8,"2019-10-23 08:48:04"
27.9,"2019-10-23 08:42:54"
28.0,"2019-10-23 08:42:44"
27.9,"2019-10-23 08:37:14"
28.0,"2019-10-23 08:37:04"
27.9,"2019-10-23 08:36:34"
28.0,"2019-10-23 08:34:34"
27.9,"2019-10-23 08:33:14"
28.0,"2019-10-23 08:30:14"
27.9,"2019-10-23 08:28:24"
28.0,"2019-10-23 08:26:44"
27.9,"2019-10-23 08:26:04"
28.0,"2019-10-23 08:25:54"
27.9,"2019-10-23 08:25:04"
28.0,"2019-10-23 08:24:54"
27.9,"2019-10-23 08:24:34"
28.0,"2019-10-23 08:24:24"
27.9,"2019-10-23 08:23:04"
28.0,"2019-10-23 08:22:54"
27.9,"2019-10-23 08:19:54"
28.0,"2019-10-23 08:19:24"
27.9,"2019-10-23 08:17:34"
27.8,"2019-10-23 08:17:24"
27.9,"2019-10-23 08:17:14"
27.8,"2019-10-23 08:16:54"
27.9,"2019-10-23 08:16:34"
27.7,"2019-10-23 08:11:54"
27.8,"2019-10-23 08:11:24"
27.9,"2019-10-23 08:11:14"
27.8,"2019-10-23 08:10:44"
27.9,"2019-10-23 08:10:24"
27.8,"2019-10-23 08:10:14"
27.9,"2019-10-23 08:09:54"
27.8,"2019-10-23 08:09:45"
27.9,"2019-10-23 08:09:34"
27.7,"2019-10-23 08:09:14"
27.8,"2019-10-23 08:08:54"
27.9,"2019-10-23 08:08:44"
27.8,"2019-10-23 08:08:04"
27.9,"2019-10-23 08:07:54"
27.8,"2019-10-23 08:07:14"
27.9,"2019-10-23 08:07:04"
27.8,"2019-10-23 08:06:54"
27.9,"2019-10-23 08:06:44"
27.8,"2019-10-23 08:06:04"
27.9,"2019-10-23 08:05:54"
27.8,"2019-10-23 08:04:34"
27.9,"2019-10-23 08:04:24"
27.8,"2019-10-23 08:04:15"
27.9,"2019-10-23 08:03:54"
27.8,"2019-10-23 08:03:24"
27.9,"2019-10-23 08:03:14"
27.8,"2019-10-23 08:03:04"
27.7,"2019-10-23 08:01:34"
27.8,"2019-10-23 08:01:14"
27.7,"2019-10-23 07:59:54"
27.8,"2019-10-23 07:59:34"
27.9,"2019-10-23 07:59:04"
27.8,"2019-10-23 07:58:24"
27.9,"2019-10-23 07:58:04"
27.8,"2019-10-23 07:57:44"
27.9,"2019-10-23 07:57:24"
27.8,"2019-10-23 07:57:14"
27.7,"2019-10-23 07:55:34"
27.9,"2019-10-23 07:55:04"
27.8,"2019-10-23 07:54:54"
27.9,"2019-10-23 07:53:54"
27.8,"2019-10-23 07:53:44"
27.9,"2019-10-23 07:53:34"
27.8,"2019-10-23 07:53:24"
27.9,"2019-10-23 07:53:14"
27.8,"2019-10-23 07:52:54"
27.9,"2019-10-23 07:52:24"
27.8,"2019-10-23 07:52:14"
27.9,"2019-10-23 07:45:54"
27.8,"2019-10-23 07:45:34"
27.9,"2019-10-23 07:45:14"
27.8,"2019-10-23 07:44:34"
27.9,"2019-10-23 07:44:24"
27.8,"2019-10-23 07:44:14"
27.9,"2019-10-23 07:44:04"
27.8,"2019-10-23 07:43:34"
27.9,"2019-10-23 07:42:24"
27.8,"2019-10-23 07:42:14"
27.9,"2019-10-23 07:34:45"
28.0,"2019-10-23 07:34:24"
27.9,"2019-10-23 07:30:54"
27.8,"2019-10-23 07:30:44"
27.9,"2019-10-23 07:30:34"
27.8,"2019-10-23 07:30:14"
27.9,"2019-10-23 07:30:04"
27.8,"2019-10-23 07:29:54"
27.9,"2019-10-23 07:29:44"
27.8,"2019-10-23 07:29:24"
27.9,"2019-10-23 07:29:14"
27.8,"2019-10-23 07:28:54"
27.9,"2019-10-23 07:28:24"
27.8,"2019-10-23 07:28:14"
27.9,"2019-10-23 07:27:44"
27.8,"2019-10-23 07:27:24"
27.9,"2019-10-23 07:27:04"
27.8,"2019-10-23 07:26:54"
27.9,"2019-10-23 07:26:44"
27.8,"2019-10-23 07:25:44"
27.9,"2019-10-23 07:25:34"
27.8,"2019-10-23 07:25:14"
27.9,"2019-10-23 07:23:54"
27.8,"2019-10-23 07:23:24"
27.9,"2019-10-23 07:23:14"
27.8,"2019-10-23 07:22:54"
27.9,"2019-10-23 07:17:14"
28.0,"2019-10-23 07:15:34"
28.1,"2019-10-23 07:15:24"
28.0,"2019-10-23 07:14:54"
28.1,"2019-10-23 07:12:24"
28.0,"2019-10-23 07:00:24"
28.1,"2019-10-23 07:00:04"
28.0,"2019-10-23 06:44:34"
27.9,"2019-10-23 06:44:24"
28.0,"2019-10-23 06:44:14"
27.9,"2019-10-23 06:37:14"
27.8,"2019-10-23 06:36:34"
27.9,"2019-10-23 06:36:24"
27.8,"2019-10-23 06:35:44"
27.9,"2019-10-23 06:35:34"
27.8,"2019-10-23 06:35:24"
27.9,"2019-10-23 06:35:14"
27.8,"2019-10-23 06:34:24"
27.9,"2019-10-23 06:34:14"
27.8,"2019-10-23 06:34:04"
27.9,"2019-10-23 06:33:44"
27.8,"2019-10-23 06:33:24"
27.9,"2019-10-23 06:32:44"
27.8,"2019-10-23 06:32:34"
27.9,"2019-10-23 06:28:54"
27.8,"2019-10-23 06:28:44"
27.9,"2019-10-23 06:27:24"
27.8,"2019-10-23 06:27:14"
27.9,"2019-10-23 06:27:04"
27.8,"2019-10-23 06:26:54"
27.9,"2019-10-23 06:26:44"
27.8,"2019-10-23 06:26:34"
27.9,"2019-10-23 06:26:14"
27.8,"2019-10-23 06:25:54"
27.9,"2019-10-23 06:25:44"
27.8,"2019-10-23 06:25:34"
27.9,"2019-10-23 06:25:24"
27.8,"2019-10-23 06:24:54"
27.9,"2019-10-23 06:24:44"
27.8,"2019-10-23 06:23:04"
27.7,"2019-10-23 05:47:04"
27.6,"2019-10-23 05:46:54"
27.7,"2019-10-23 05:46:04"
27.6,"2019-10-23 05:45:54"
27.7,"2019-10-23 05:45:24"
27.6,"2019-10-23 05:45:14"
27.7,"2019-10-23 05:45:04"
27.6,"2019-10-23 05:29:44"
27.7,"2019-10-23 05:29:34"
27.6,"2019-10-23 04:56:54"
27.7,"2019-10-23 04:56:44"
27.6,"2019-10-23 04:56:24"
27.7,"2019-10-23 04:56:14"
27.6,"2019-10-23 04:55:54"
27.7,"2019-10-23 04:55:24"
27.6,"2019-10-23 04:54:54"
27.7,"2019-10-23 04:54:34"
27.6,"2019-10-23 04:47:14"
27.7,"2019-10-23 04:47:04"
27.6,"2019-10-23 04:46:54"
27.7,"2019-10-23 04:46:34"
27.6,"2019-10-23 04:46:04"
27.7,"2019-10-23 04:45:54"
27.6,"2019-10-23 04:45:44"
27.7,"2019-10-23 04:45:34"
27.6,"2019-10-23 04:45:24"
27.7,"2019-10-23 04:45:14"
27.6,"2019-10-23 04:45:04"
27.7,"2019-10-23 04:44:44"
27.6,"2019-10-23 04:44:34"
27.7,"2019-10-23 04:43:24"
27.6,"2019-10-23 04:43:04"
27.7,"2019-10-23 04:42:54"
27.6,"2019-10-23 04:42:34"
27.7,"2019-10-23 04:41:34"
27.6,"2019-10-23 04:41:24"
27.7,"2019-10-23 04:41:14"
27.6,"2019-10-23 04:41:04"
27.7,"2019-10-23 04:39:24"
27.6,"2019-10-23 04:39:04"
27.7,"2019-10-23 04:38:54"
27.6,"2019-10-23 04:38:14"
27.7,"2019-10-23 04:37:55"
27.6,"2019-10-23 04:37:14"
27.7,"2019-10-23 04:36:54"
27.6,"2019-10-23 04:36:24"
27.7,"2019-10-23 04:36:14"
27.6,"2019-10-23 04:36:04"
27.7,"2019-10-23 04:35:44"
27.6,"2019-10-23 04:35:34"
27.7,"2019-10-23 04:35:04"
27.6,"2019-10-23 04:34:54"
27.7,"2019-10-23 04:32:04"
27.6,"2019-10-23 04:31:55"
27.7,"2019-10-23 04:30:54"
27.6,"2019-10-23 04:30:44"
27.7,"2019-10-23 04:30:14"
27.6,"2019-10-23 04:29:54"
27.7,"2019-10-23 03:09:54"
27.9,"2019-10-23 03:09:44"
27.7,"2019-10-23 03:09:24"
27.9,"2019-10-23 03:09:14"
27.7,"2019-10-23 03:08:54"
27.9,"2019-10-23 03:08:44"
27.7,"2019-10-23 03:05:54"
27.9,"2019-10-23 03:05:34"
27.7,"2019-10-23 03:05:04"
27.9,"2019-10-23 03:04:54"
27.7,"2019-10-23 03:04:44"
27.9,"2019-10-23 03:04:24"
27.7,"2019-10-23 03:04:04"
27.8,"2019-10-23 03:03:54"
27.9,"2019-10-23 03:02:04"
27.7,"2019-10-23 03:01:54"
27.9,"2019-10-23 03:01:14"
27.8,"2019-10-23 03:01:04"
27.7,"2019-10-23 03:00:44"
27.9,"2019-10-23 03:00:24"
27.7,"2019-10-23 03:00:04"
27.9,"2019-10-23 02:58:54"
27.7,"2019-10-23 02:58:34"
27.9,"2019-10-23 02:58:14"
27.7,"2019-10-23 02:58:04"
27.8,"2019-10-23 02:57:54"
27.9,"2019-10-23 02:57:44"
27.8,"2019-10-23 02:57:34"
27.7,"2019-10-23 02:57:14"
27.9,"2019-10-23 02:55:34"
27.8,"2019-10-23 02:55:24"
27.9,"2019-10-23 02:54:34"
27.8,"2019-10-23 02:54:24"
27.9,"2019-10-23 02:54:14"
27.8,"2019-10-23 02:54:04"
27.9,"2019-10-23 02:53:54"
27.8,"2019-10-23 02:53:44"
27.9,"2019-10-23 02:53:34"
27.8,"2019-10-23 02:53:24"
27.9,"2019-10-23 02:52:34"
27.8,"2019-10-23 02:52:14"
27.9,"2019-10-23 02:51:44"
27.8,"2019-10-23 02:51:34"
27.9,"2019-10-23 02:51:04"
27.8,"2019-10-23 02:50:54"
27.9,"2019-10-23 02:50:44"
27.8,"2019-10-23 02:50:34"
27.9,"2019-10-23 02:50:04"
27.8,"2019-10-23 02:49:54"
27.9,"2019-10-23 02:49:24"
27.8,"2019-10-23 02:49:14"
27.9,"2019-10-23 02:48:54"
27.8,"2019-10-23 02:48:44"
27.9,"2019-10-23 02:48:14"
27.8,"2019-10-23 02:48:04"
27.9,"2019-10-23 02:47:24"
27.8,"2019-10-23 02:47:14"
27.9,"2019-10-23 02:46:34"
27.8,"2019-10-23 02:46:14"
27.9,"2019-10-23 02:44:24"
27.8,"2019-10-23 02:43:54"
27.9,"2019-10-23 02:43:44"
27.8,"2019-10-23 02:43:34"
27.9,"2019-10-23 02:42:14"
27.8,"2019-10-23 02:42:04"
27.9,"2019-10-23 02:41:34"
27.8,"2019-10-23 02:41:24"
27.9,"2019-10-23 02:40:14"
27.8,"2019-10-23 02:39:54"
27.9,"2019-10-23 02:39:14"
27.8,"2019-10-23 02:39:04"
27.9,"2019-10-23 02:38:34"
27.8,"2019-10-23 02:38:24"
27.9,"2019-10-23 02:38:14"
27.8,"2019-10-23 02:38:04"
27.9,"2019-10-23 02:37:34"
27.8,"2019-10-23 02:37:24"
27.9,"2019-10-23 02:37:14"
27.8,"2019-10-23 02:37:04"
27.9,"2019-10-23 02:36:34"
27.8,"2019-10-23 02:36:24"
27.9,"2019-10-23 02:35:54"
27.8,"2019-10-23 02:35:34"
27.9,"2019-10-23 02:35:14"
27.8,"2019-10-23 02:34:54"
27.9,"2019-10-23 02:34:34"
27.8,"2019-10-23 02:34:24"
27.9,"2019-10-23 02:33:04"
27.8,"2019-10-23 02:32:44"
27.9,"2019-10-23 02:32:04"
27.8,"2019-10-23 02:31:44"
27.9,"2019-10-23 02:30:44"
27.7,"2019-10-23 02:30:34"
27.9,"2019-10-23 02:29:54"
27.8,"2019-10-23 02:29:44"
27.9,"2019-10-23 02:28:54"
27.8,"2019-10-23 02:28:44"
27.7,"2019-10-23 02:28:34"
27.8,"2019-10-23 02:28:24"
27.9,"2019-10-23 02:27:54"
27.8,"2019-10-23 02:27:34"
27.9,"2019-10-23 02:27:24"
27.8,"2019-10-23 02:26:54"
27.9,"2019-10-23 02:26:24"
27.8,"2019-10-23 02:26:14"
27.7,"2019-10-23 02:26:04"
27.8,"2019-10-23 02:25:54"
27.7,"2019-10-23 02:25:44"
27.9,"2019-10-23 02:25:34"
27.8,"2019-10-23 02:25:24"
27.9,"2019-10-23 02:23:54"
27.8,"2019-10-23 02:23:44"
27.7,"2019-10-23 02:23:34"
27.9,"2019-10-23 02:22:54"
27.8,"2019-10-23 02:22:44"
27.9,"2019-10-23 02:22:24"
27.8,"2019-10-23 02:22:14"
27.9,"2019-10-23 02:21:24"
27.8,"2019-10-23 02:21:14"
27.9,"2019-10-23 02:20:54"
27.8,"2019-10-23 02:20:44"
27.7,"2019-10-23 02:20:34"
27.9,"2019-10-23 02:19:34"
27.8,"2019-10-23 02:19:24"
27.9,"2019-10-23 02:17:24"
27.8,"2019-10-23 02:17:14"
27.9,"2019-10-23 02:16:44"
27.8,"2019-10-23 02:16:24"
27.9,"2019-10-23 02:15:24"
27.8,"2019-10-23 02:14:54"
27.9,"2019-10-23 02:13:54"
27.8,"2019-10-23 02:13:34"
27.9,"2019-10-23 02:13:14"
27.8,"2019-10-23 02:13:04"
27.9,"2019-10-23 02:11:14"
27.8,"2019-10-23 02:11:04"
27.9,"2019-10-23 02:09:54"
27.8,"2019-10-23 02:09:44"
27.9,"2019-10-23 02:08:54"
27.8,"2019-10-23 02:08:34"
27.9,"2019-10-23 02:08:14"
27.8,"2019-10-23 02:08:04"
27.9,"2019-10-23 02:05:34"
27.8,"2019-10-23 02:05:24"
27.9,"2019-10-23 02:04:54"
27.8,"2019-10-23 02:04:34"
27.9,"2019-10-23 02:02:14"
27.8,"2019-10-23 02:02:04"
27.9,"2019-10-23 02:01:04"
27.8,"2019-10-23 02:00:54"
27.9,"2019-10-23 02:00:24"
27.8,"2019-10-23 02:00:14"
27.9,"2019-10-23 01:59:54"
27.8,"2019-10-23 01:59:34"
27.9,"2019-10-23 01:58:44"
27.8,"2019-10-23 01:58:34"
27.9,"2019-10-23 01:58:04"
27.8,"2019-10-23 01:57:54"
27.9,"2019-10-23 01:56:44"
27.8,"2019-10-23 01:56:34"
27.9,"2019-10-23 01:56:14"
27.8,"2019-10-23 01:56:04"
27.9,"2019-10-23 01:55:34"
27.8,"2019-10-23 01:55:24"
27.9,"2019-10-23 01:53:34"
27.8,"2019-10-23 01:53:24"
27.9,"2019-10-23 01:53:04"
27.8,"2019-10-23 01:52:54"
27.9,"2019-10-23 01:52:24"
27.7,"2019-10-23 01:52:14"
27.9,"2019-10-23 01:50:24"
27.8,"2019-10-23 01:50:14"
27.9,"2019-10-23 01:49:44"
27.8,"2019-10-23 01:49:34"
27.9,"2019-10-23 01:49:14"
27.8,"2019-10-23 01:49:04"
27.9,"2019-10-23 01:47:54"
27.8,"2019-10-23 01:47:44"
27.9,"2019-10-23 01:44:34"
27.8,"2019-10-23 01:44:24"
27.9,"2019-10-23 01:44:04"
27.8,"2019-10-23 01:43:44"
27.9,"2019-10-23 01:43:04"
27.8,"2019-10-23 01:42:24"
27.9,"2019-10-23 01:42:04"
27.8,"2019-10-23 01:41:54"
27.9,"2019-10-23 01:41:24"
27.8,"2019-10-23 01:41:04"
27.9,"2019-10-23 01:40:44"
27.8,"2019-10-23 01:40:34"
27.9,"2019-10-23 01:39:24"
27.8,"2019-10-23 01:39:14"
27.9,"2019-10-23 01:38:04"
27.8,"2019-10-23 01:37:54"
27.9,"2019-10-23 01:37:44"
27.8,"2019-10-23 01:37:24"
27.9,"2019-10-23 01:36:04"
27.8,"2019-10-23 01:35:44"
27.9,"2019-10-23 01:35:34"
27.8,"2019-10-23 01:35:24"
27.9,"2019-10-23 01:34:34"
27.8,"2019-10-23 01:34:24"
27.9,"2019-10-23 01:33:54"
27.8,"2019-10-23 01:33:34"
27.9,"2019-10-23 01:32:54"
27.8,"2019-10-23 01:32:34"
27.9,"2019-10-23 01:29:54"
27.8,"2019-10-23 01:29:44"
27.9,"2019-10-23 01:29:04"
27.8,"2019-10-23 01:28:44"
27.9,"2019-10-23 01:28:24"
27.8,"2019-10-23 01:28:14"
27.9,"2019-10-23 01:28:04"
27.8,"2019-10-23 01:27:54"
27.9,"2019-10-23 01:27:34"
27.8,"2019-10-23 01:27:24"
27.9,"2019-10-23 01:26:04"
27.8,"2019-10-23 01:25:44"
27.9,"2019-10-23 01:24:34"
27.8,"2019-10-23 01:24:24"
27.9,"2019-10-23 01:24:04"
27.8,"2019-10-23 01:23:54"
27.9,"2019-10-23 01:02:04"
28.0,"2019-10-23 01:01:54"
27.9,"2019-10-23 01:01:44"
28.0,"2019-10-23 01:00:34"
27.9,"2019-10-23 01:00:24"
28.0,"2019-10-23 00:59:14"
27.9,"2019-10-23 00:58:54"
28.0,"2019-10-23 00:58:34"
27.9,"2019-10-23 00:57:24"
28.0,"2019-10-23 00:56:54"
27.9,"2019-10-23 00:56:44"
28.0,"2019-10-23 00:55:34"
27.9,"2019-10-23 00:55:24"
28.0,"2019-10-23 00:55:04"
27.9,"2019-10-23 00:54:54"
28.0,"2019-10-23 00:54:44"
27.9,"2019-10-23 00:54:24"
28.0,"2019-10-23 00:53:54"
27.9,"2019-10-23 00:53:44"
28.0,"2019-10-23 00:53:15"
27.9,"2019-10-23 00:53:04"
28.0,"2019-10-23 00:52:04"
27.9,"2019-10-23 00:51:24"
28.0,"2019-10-23 00:51:14"
27.9,"2019-10-23 00:51:04"
28.0,"2019-10-23 00:50:54"
27.9,"2019-10-23 00:50:44"
28.0,"2019-10-23 00:50:34"
27.9,"2019-10-23 00:50:24"
28.0,"2019-10-23 00:50:14"
27.9,"2019-10-23 00:50:04"
28.0,"2019-10-23 00:49:24"
27.9,"2019-10-23 00:49:04"
28.0,"2019-10-23 00:48:54"
27.9,"2019-10-23 00:48:44"
28.0,"2019-10-23 00:48:24"
27.9,"2019-10-23 00:47:44"
28.0,"2019-10-23 00:47:04"
27.9,"2019-10-23 00:46:54"
28.0,"2019-10-23 00:46:44"
27.9,"2019-10-23 00:46:34"
28.0,"2019-10-23 00:45:54"
